<?xml version="1.0" encoding="utf-8"?>
<extension version="1.6" type="plugin" group="system" method="upgrade">
    <name>Installer</name>
	<author>RocketTheme, LLC</author>
	<creationDate>November 1, 2012</creationDate>
	<copyright>(C) 2005 - 2012 RocketTheme, LLC. All rights reserved.</copyright>
	<license>http://www.gnu.org/copyleft/gpl.html GNU/GPL</license>
	<authorEmail>support@rockettheme.com</authorEmail>
	<authorUrl>http://www.rockettheme.com</authorUrl>
	<version>1.1.0</version>
	<description>RokBooster for Joomla! v1.1.0</description>
    <scriptfile>install.script.php</scriptfile>
    <files>
        <filename plugin="rokbooster_installer">installer.php</filename>
    </files>
    <cogs>
        <cog type="plugin" client="site" ordering="100" access="1" enabled="false" protected="false">
            plg_system_rokbooster
            <name>RokBooster Plugin</name>
            <description>RokBooster Plugin for Joomla!</description>
        </cog>
        <!--<cog type="plugin" client="site" ordering="1" access="1" enabled="false" protected="false">-->
            <!--plg_system_rokbooster_routecache-->
            <!--<name>RokBooster Route Cache Plugin</name>-->
            <!--<description>RokBooster Route Cache Plugin for Joomla!</description>-->
        <!--</cog>-->
    </cogs>
</extension>
