<?xml version="1.0" encoding="utf-8"?>
<extension version="1.6" type="plugin" group="system" method="upgrade">
    <name>Installer</name>
	<author>RocketTheme, LLC</author>
	<creationDate>November 1, 2012</creationDate>
	<copyright>(C) 2005 - 2012 RocketTheme, LLC. All rights reserved.</copyright>
	<license>http://www.gnu.org/copyleft/gpl.html GNU/GPL</license>
	<authorEmail>support@rockettheme.com</authorEmail>
	<authorUrl>http://www.rockettheme.com</authorUrl>
	<version>1.3.0</version>
	<description>RokAjaxSearch for Joomla! v1.3.0</description>
    <scriptfile>install.script.php</scriptfile>
    <files>
        <filename plugin="installer">installer.php</filename>
    </files>
    <cogs>
        <cog type="module" client="site" access="1" enabled="true" protected="false">
            mod_rokajaxsearch-zip
            <name>RokAjaxSearch Module</name>
            <description>RocketTheme RokAjaxSearch Module </description>
        </cog>
    </cogs>
</extension>
