<?xml version="1.0" encoding="utf-8"?>
<extension version="1.6.0" type="plugin" group="system" method="upgrade">
    <name>Installer</name>
	<author>RocketTheme, LLC</author>
	<creationDate>November 1, 2012</creationDate>
	<copyright>(C) 2005 - 2012 RocketTheme, LLC. All rights reserved.</copyright>
	<license>http://www.gnu.org/copyleft/gpl.html GNU/GPL</license>
	<authorEmail>support@rockettheme.com</authorEmail>
	<authorUrl>http://www.rockettheme.com</authorUrl>
	<version>1.5.0</version>
	<description>RokCandy for Joomla! v1.5.0</description>
    <scriptfile>install.script.php</scriptfile>
    <files>
        <filename plugin="installer">installer.php</filename>
    </files>
    <cogs>
        <cog type="component" client="administrator" access="0" enabled="true" protected="false">
            com_rokcandy-zip
            <name>RokCandy Component</name>
            <description>RokCandy Component for Joomla 1.6</description>
        </cog>
        <cog type="plugin" client="site" ordering="5" access="1" enabled="true" protected="false">
            plg_editors-xtd_rokcandy-zip
            <name>RokCandy Editor Button Plugin</name>
            <description>RokCandy Editor Button Plugin for Joomla 1.6</description>
        </cog>
        <cog type="plugin" client="site" ordering="50" access="1" enabled="true" protected="false">
            plg_system_rokcandy-zip
            <name>RokCandy System Plugin</name>
            <description>RokCandy System Plugin for Joomla 1.6</description>
        </cog>
    </cogs>
</extension>
