<?xml version="1.0" encoding="utf-8" standalone="no"?>
<extension group="content" method="upgrade" type="plugin" version="2.5">
	<name>Content - RokBox</name>
	<author>RocketTheme, LLC</author>
	<creationDate>November 1, 2012</creationDate>
	<copyright>(C) 2005 - 2012 RocketTheme, LLC. All rights reserved.</copyright>
	<license>${licence}</license>
	<authorEmail>support@rockettheme.com</authorEmail>
	<authorUrl>http://www.rockettheme.com</authorUrl>
	<version>1.4.0</version>
	<description>To be used with a RokBox enabled RocketTheme Joomla! template.  Syntax is {rokbox}link{/rokbox}.  If you want the image to be part of an 'album', you can use the syntax {rokbox album=|albumname|}link{/rokbox}.  To provide text descriptions, please use the syntax {rokbox title=|your description|}link{/rokbox}. To specify a thumbnail, use the syntax {rokbox thumb=|thumbnail_link.jpg|}link{/rokbox}. If you want to use a text link, you can specify the text using syntax: {rokbox text=|your link text here|}link{/rokbox}. You can also use album, title, thumb and text in the same tag.</description>
	<files>
		<filename>imagehandler.php</filename>
        <filename>index.html</filename>
        <filename plugin="rokbox">rokbox.php</filename>
        <filename>checksums</filename>
        <filename>CHANGELOG.php</filename>
        <filename>RT-LICENSE.php</filename>
    </files>
    <config>
		<fields name="params">
			<fieldset name="basic">
                <field default="0" description="" label="Try to load remote images sizes" name="remote_sizes" type="radio">
                    <option value="0">JNO</option>
                    <option value="1">JYES</option>
                </field>
                <field default="_thumb" description="If your image is called someimage.jpg, your thumbnail should be called someimage_thumb.jpg in the same directory for example.  Change the extension here" label="Thumbnail Extension" name="thumb_ext" type="text">
                </field>
                <field default="album" description="album is the default name used in RocketTheme Joomla! Templates for the Slimbox class" label="Thumbnail CSS Class" name="thumb_class" type="text">
                </field>
                <field default="0" description="" label="Use Custom Thumbnail Directory" name="thumb_custom" type="radio">
                    <option value="0">JNO</option>
                    <option value="1">JYES</option>
                </field>
                <field default="cache" description="Custom directory where auto-generated thumbnails are generated - above option must be Yes for this to be used" label="Custom Thumbnail Directory" name="thumb_dir" type="text">
                </field>
                <field default="150" description="This is the width of the generated thumbnail if one is not found with the set thumb extension" label="Thumbnail width in px" name="thumb_width" type="text">
                </field>
                <field default="100" description="This is the height of the generated thumbnail if one is not found with the set thumb extension" label="Thumbnail height in px" name="thumb_height" type="text">
                </field>
                <field default="90" description="This is the quality of the generated thumbnail if one is not found with the set thumb extension" label="Thumbnail quality in %" name="thumb_quality" type="text">
                </field>
            </fieldset>
        </fields>
    </config>
</extension>
