<?xml version="1.0" encoding="utf-8"?>
<extension version="1.6" type="plugin" group="system" method="upgrade">
    <name>Installer</name>
	<author>RocketTheme, LLC</author>
	<creationDate>November 1, 2012</creationDate>
	<copyright>(C) 2005 - 2012 RocketTheme, LLC. All rights reserved.</copyright>
	<license>http://www.gnu.org/copyleft/gpl.html GNU/GPL</license>
	<authorEmail>support@rockettheme.com</authorEmail>
	<authorUrl>http://www.rockettheme.com</authorUrl>
	<version>1.4.0</version>
	<description>RokBox for Joomla! v1.4.0</description>
    <scriptfile>install.script.php</scriptfile>
    <files>
        <filename plugin="installer">installer.php</filename>
    </files>
    <cogs>
        <cog type="plugin" client="site" ordering="1" access="1" enabled="true" protected="false">
            plg_system_rokbox-zip
            <name>RokBox System Plugin</name>
            <description>RokBox System Plugin for Joomla 1.6</description>
        </cog>
        <cog type="plugin" client="site" ordering="1" access="1" enabled="true" protected="false">
            plg_content_rokbox-zip
            <name>RokBox Content Plugin</name>
            <description>RokBox Content Plugin for Joomla 1.6</description>
        </cog>
    </cogs>
</extension>
